sq_ft,bedrooms,bathrooms,age_years,neighborhood,lot_size,price
1332,3,2,3,rural,11296,314148
1826,3,2,64,downtown,5659,639607
2721,4,3,93,downtown,4824,999773
1863,3,2,46,uptown,5927,862491
1518,3,2,67,suburb,5420,431899
2478,2,2,57,suburb,9213,664681
1118,3,2,4,rural,9311,257693
1601,3,2,96,suburb,8454,412752
2440,3,2,60,suburb,5660,647520
1338,1,1,69,suburb,6735,395163
1955,3,3,56,waterfront,9649,1662748
1758,4,4,55,uptown,8473,807722
2740,3,2,32,suburb,7229,720897
947,4,4,82,suburb,7635,306982
1475,3,2,70,suburb,10028,452536
1605,4,4,8,downtown,5483,647031
2024,4,3,46,suburb,3525,544702
2131,4,3,28,waterfront,5543,10328771
2054,5,5,46,uptown,12279,992515
2651,4,4,96,suburb,4197,666406
2203,4,4,48,suburb,10262,661933
1031,2,2,26,uptown,3286,480222
933,5,4,40,suburb,6688,329120
1478,4,4,31,uptown,8592,725736
1485,2,2,59,waterfront,5458,1254397
1538,3,3,14,downtown,4680,599404
2429,3,2,27,downtown,7826,931056
1421,3,2,16,rural,3469,309412
2465,2,1,34,downtown,9851,906797
2489,3,3,11,suburb,4818,642610
1819,3,2,76,suburb,8057,520117
1487,1,1,87,suburb,4822,365611
2573,3,3,32,downtown,6222,1017777
1293,4,3,61,suburb,6162,406900
2087,4,3,0,suburb,9530,663975
1964,5,5,96,downtown,8342,781673
2578,3,3,7,suburb,3123,678818
2015,1,1,39,suburb,2246,513854
1813,3,2,51,suburb,3038,532133
2433,3,2,91,suburb,4057,588830
1572,2,2,47,suburb,9715,467449
2137,3,3,45,downtown,7046,790402
1880,3,3,25,suburb,9846,587699
1821,3,3,22,downtown,4185,719439
911,3,3,7,suburb,5707,284743
1797,3,2,76,downtown,5217,658914
1193,3,3,2,suburb,1907,385148
2118,2,1,54,uptown,10160,961472
3222,4,4,24,suburb,3280,843233
1664,2,1,95,downtown,2811,580267
2350,4,3,97,suburb,7425,684509
2405,3,3,47,suburb,9630,654589
1109,4,4,3,rural,8952,276942
2225,3,2,13,downtown,8072,862102
1611,2,2,69,downtown,11102,649793
1536,3,2,8,uptown,4739,719533
2292,3,3,53,suburb,1490,606693
1466,4,3,11,suburb,8182,518825
1495,2,1,28,uptown,5474,674562
2255,4,3,62,rural,8419,394319
2574,3,2,42,uptown,12271,1190121
1840,4,4,70,suburb,9755,585572
2200,2,1,4,downtown,7560,844742
949,3,3,89,downtown,4877,373513
1739,4,4,25,suburb,9878,554290
2068,3,3,66,rural,9772,383142
1294,4,4,68,suburb,9011,396548
2187,1,1,53,uptown,7368,981185
1969,2,1,99,uptown,3889,807043
1972,2,1,82,suburb,7424,518944
2511,4,4,68,downtown,10425,931118
2559,4,3,29,suburb,4527,699903
1071,3,2,50,uptown,8518,516970
1407,3,3,68,uptown,12659,693418
2123,3,3,25,rural,8679,397983
1619,2,2,7,rural,8481,299625
2994,4,3,52,uptown,7166,1338791
2464,3,2,42,rural,8912,462933
1308,5,4,3,rural,15931,363792
1346,3,2,79,suburb,4470,363891
1041,3,3,73,suburb,4616,279709
2023,5,4,2,suburb,7636,619960
1437,4,4,88,uptown,3670,634263
1394,2,1,78,rural,4202,202061
1041,3,2,69,uptown,3706,432950
2334,2,1,74,suburb,6665,659855
1352,3,2,28,suburb,1000,357818
1257,3,3,94,rural,4516,211544
668,2,2,62,rural,3111,145415
2043,2,1,90,suburb,5308,546853
1938,3,3,91,uptown,7913,836550
2239,3,2,7,suburb,7900,639351
2661,3,2,16,rural,6814,550599
1924,2,1,50,suburb,8168,538806
1593,4,3,11,suburb,5612,503551
838,2,2,19,waterfront,6270,741707
1865,2,2,40,rural,4228,309258
2012,4,4,84,suburb,6956,560846
1954,4,3,25,rural,5490,375249
632,3,2,97,rural,1497,90459
2541,3,2,11,suburb,6572,649771
2173,3,3,32,uptown,13244,1024779
1566,3,3,28,waterfront,1801,1269116
1630,2,1,34,suburb,6695,414566
648,3,2,36,rural,1129,95149
1994,3,3,74,suburb,11177,526522
1594,3,2,48,suburb,12109,544333
1122,5,5,33,rural,9731,277985
2985,3,2,2,uptown,10954,1360464
2727,4,3,4,suburb,5962,791749
2234,5,5,99,suburb,4416,592593
1787,3,2,12,suburb,2419,508442
1055,4,3,76,suburb,6321,306264
1788,3,2,55,rural,9186,339547
2082,3,3,15,uptown,7818,957212
1735,4,4,34,rural,5792,359041
1779,2,2,86,uptown,11560,799195
1912,4,4,42,rural,2639,270936
1114,3,2,63,suburb,3995,307174
2292,1,1,88,waterfront,9308,1891973
2404,3,3,86,rural,1000,336919
1542,1,1,5,suburb,2633,388856
1383,3,2,60,rural,6086,237829
3072,3,3,20,rural,8304,495046
2485,5,5,56,suburb,8323,692144
500,4,4,74,suburb,10060,192938
1739,4,3,8,uptown,8081,853548
1188,5,4,74,suburb,3648,328911
1253,4,4,39,suburb,5278,400906
1386,5,5,65,uptown,5102,613898
1826,2,2,96,waterfront,8925,1561307
1721,4,3,67,rural,8591,310719
1023,2,2,64,suburb,5150,257394
1148,3,3,15,downtown,1454,475285
564,3,2,3,downtown,7033,256726
1746,4,3,95,suburb,1964,447943
1961,3,2,14,downtown,3255,807579
2317,3,2,71,uptown,6937,1005557
2389,4,4,47,suburb,7219,629222
1859,3,2,4,downtown,4187,715793
1558,3,3,93,suburb,6501,406576
3084,3,2,98,rural,7473,473051
1244,3,2,22,downtown,11703,561502
986,3,3,44,downtown,8676,451330
1523,3,2,80,waterfront,4241,1247462
1917,3,3,59,rural,5079,339289
2610,3,2,54,uptown,7375,1117690
1516,3,2,33,suburb,8911,450012
828,3,2,47,uptown,6397,423518
2240,4,3,10,downtown,6123,844711
1529,3,2,71,rural,10746,316646
1159,3,3,18,uptown,6552,542825
1252,3,2,23,downtown,1000,487633
1879,4,4,56,downtown,14703,769311
739,4,3,70,rural,5447,177396
2685,2,1,67,suburb,5042,710162
1698,4,4,16,suburb,7534,526692
1826,3,3,77,rural,6799,315368
2428,2,2,12,uptown,8955,1077322
1350,4,3,42,rural,6740,242728
1835,4,3,3,uptown,8461,935377
1747,3,3,76,waterfront,4147,1401547
2086,3,3,70,waterfront,1000,1624198
3265,2,1,39,suburb,7596,880548
1139,2,1,89,suburb,3326,264306
1757,3,2,16,uptown,1748,776970
3068,4,3,1,suburb,6923,866539
1258,4,4,43,uptown,6845,577179
2767,3,3,18,suburb,7918,730507
1846,3,3,84,downtown,9644,708816
2417,3,2,27,suburb,5905,697101
2136,1,1,27,suburb,1623,532374
1990,4,4,2,downtown,8793,821565
1265,4,4,3,waterfront,8296,1145319
1710,3,3,5,suburb,3258,472932
2210,2,1,68,downtown,12118,829241
1568,5,4,56,suburb,4024,434415
1148,3,2,98,downtown,9494,472841
1211,3,2,84,suburb,8572,365313
2648,3,2,97,rural,3452,405259
2757,3,3,50,rural,5024,429366
1368,1,1,92,suburb,8302,411781
1787,2,2,38,rural,9615,347911
2545,4,3,2,suburb,4376,708898
1975,5,5,38,downtown,4536,784913
1840,3,3,11,suburb,2646,528521
2170,2,2,83,downtown,10339,813969
1135,3,3,71,downtown,9156,481656
1389,2,2,67,downtown,6132,568162
2259,1,1,95,suburb,2617,554667
1921,4,4,70,suburb,5962,530766
2077,3,2,31,suburb,6461,558398
1855,3,3,4,uptown,7909,850553
1026,4,4,22,suburb,1043,282140
2054,3,3,60,uptown,8600,917604
2579,3,2,45,waterfront,5639,2082819
2110,3,2,14,suburb,9414,619490
2240,2,1,92,downtown,8142,809578
1237,4,3,59,downtown,3406,444150
1650,4,4,87,uptown,6472,700094
1528,4,4,72,rural,5009,299305
1497,3,2,49,suburb,7032,451939
1429,4,4,94,rural,4003,232210
2156,4,3,31,downtown,5088,822973
2132,4,4,70,uptown,5009,947645
2308,4,3,55,rural,1066,384952
2882,3,2,14,suburb,7843,3732368
1905,3,3,48,rural,12102,387887
2082,3,2,14,suburb,5214,575014
1909,3,2,73,suburb,7756,508954
833,5,5,92,suburb,5262,271957
1165,2,2,41,downtown,1000,460658
2082,3,3,79,rural,3553,1952120
1538,5,5,66,waterfront,11313,1364576
1771,1,1,68,suburb,13070,546529
946,2,2,7,downtown,6467,402330
1974,4,3,67,rural,3977,287212
1623,3,3,7,suburb,8876,493930
1913,2,2,55,downtown,3683,716235
1916,3,2,67,suburb,7346,525910
826,3,3,26,downtown,6525,391716
2462,2,1,8,uptown,4163,1061265
1041,3,2,82,suburb,8276,324150
1621,4,4,26,rural,6305,310422
1524,4,3,89,downtown,11725,602316
2420,3,2,91,downtown,9878,921689
1866,2,1,64,uptown,6731,835158
2378,3,2,74,suburb,2618,569898
1924,3,2,68,rural,3544,327842
1787,3,2,75,downtown,9669,693391
1318,1,1,93,suburb,8898,374258
1519,3,3,14,uptown,3110,711851
1824,2,2,24,downtown,6652,708364
1956,1,1,64,suburb,4184,521775
1416,5,4,78,suburb,3074,380614
2646,5,5,53,suburb,1361,728682
1983,2,2,3,downtown,6077,712160
1136,3,2,9,rural,6333,245646
2694,4,3,67,downtown,5296,976219
791,3,3,71,suburb,2733,216960
2039,3,2,34,suburb,7335,617105
1475,4,4,90,waterfront,4770,4460434
2746,4,4,52,uptown,8544,1267775
2303,3,3,20,suburb,7137,662759
1103,3,3,89,uptown,5127,442995
2405,2,1,50,suburb,9200,3135284
591,3,3,13,downtown,4245,277794
2303,3,2,94,suburb,4396,575977
1775,3,2,81,downtown,6656,647203
1256,2,1,16,suburb,8700,437509
2391,3,2,62,suburb,5932,670736
2268,2,1,64,suburb,6835,592847
1918,3,3,39,suburb,7297,574757
1974,4,3,93,suburb,5524,541048
2045,2,2,81,suburb,7263,544581
1590,3,3,41,uptown,7154,721457
2139,3,3,35,suburb,1471,567063
685,2,2,99,suburb,10399,215667
500,2,2,67,suburb,10843,150528
2081,3,2,92,suburb,6955,553200
2035,3,2,35,rural,9608,436731
1401,1,1,53,rural,6933,216570
1154,3,2,87,suburb,8894,355034
2594,3,3,10,downtown,9523,1037080
1493,4,3,11,uptown,5298,696069
1439,3,2,14,rural,7941,321238
1220,5,4,87,downtown,10684,571723
2280,1,1,84,suburb,9815,621847
500,3,2,42,suburb,11152,227024
1687,3,2,35,rural,10930,354207
1371,4,3,5,waterfront,8378,1233835
1714,4,4,7,suburb,3788,517776
2201,3,2,0,rural,8436,446165
1508,3,3,79,uptown,9359,684544
1634,3,3,76,suburb,9178,464820
678,2,1,3,rural,4861,182249
1471,1,1,71,downtown,8865,612312
1166,4,3,11,suburb,4962,403094
1939,4,3,19,suburb,8797,610679
1658,2,2,56,suburb,12395,486705
1535,3,2,44,suburb,3763,435822
1894,1,1,56,rural,5407,292398
1260,3,2,9,suburb,6817,430415
1119,3,3,74,rural,10481,234619
500,3,2,68,suburb,16434,196965
1754,3,3,70,suburb,8053,565089
1795,2,2,64,suburb,6919,502203
1762,4,4,36,suburb,6128,515451
1446,4,4,48,rural,1011,260735
2421,2,1,14,uptown,6565,1040478
1346,2,2,88,downtown,7025,491647
2865,4,4,77,downtown,10694,1070301
1621,2,1,30,downtown,1000,554798
1299,4,4,92,downtown,6310,482675
1555,4,4,12,suburb,7209,510163
1747,3,3,93,rural,2807,272191
2019,5,4,48,suburb,10254,616779
2916,2,2,5,suburb,7036,792306
1873,3,2,14,uptown,8334,867547
2217,2,2,71,uptown,6062,951083
